City_ID,City,Country,Date,Lat,Lng,Max Temp,Humidity,Cloudiness,Wind Speed
0,Atuona,PF,2020-04-17 03:31:28,-9.8,-139.03,82.81,73,84,13.04
1,Lebu,CL,2020-04-17 03:31:28,-37.62,-73.65,55.99,82,79,8.72
2,Kapaa,US,2020-04-17 03:31:29,22.08,-159.32,80.6,69,20,12.75
3,Jamestown,US,2020-04-17 03:29:32,42.1,-79.24,30.2,86,20,5.82
4,Dikson,RU,2020-04-17 03:31:29,73.51,80.55,2.39,90,4,9.33
5,East London,ZA,2020-04-17 03:31:30,-33.02,27.91,53.6,100,0,3.36
6,Bengkulu,ID,2020-04-17 03:31:24,-3.8,102.27,77.56,87,100,6.58
7,Port Alfred,ZA,2020-04-17 03:31:30,-33.59,26.89,59.0,74,8,1.01
8,Sapernoye,RU,2020-04-17 03:31:31,60.72,29.95,33.01,94,87,17.0
9,Avarua,CK,2020-04-17 03:31:31,-21.21,-159.78,82.4,61,75,3.36
10,Saint-Georges,GD,2020-04-17 03:31:31,12.06,-61.75,80.6,78,20,11.41
11,Ushuaia,AR,2020-04-17 03:28:22,-54.8,-68.3,55.4,58,94,12.75
12,Tieli,CN,2020-04-17 03:31:31,46.95,128.05,61.2,26,100,4.81
13,Cape Town,ZA,2020-04-17 03:31:32,-33.93,18.42,57.0,100,0,1.12
14,Punta Arenas,CL,2020-04-17 03:31:32,-53.15,-70.92,50.0,76,40,19.46
15,Puerto Ayora,EC,2020-04-17 03:31:32,-0.74,-90.35,77.0,93,20,1.99
16,Shaowu,CN,2020-04-17 03:31:32,27.34,117.48,82.54,44,23,4.5
17,Rio Grande,BR,2020-04-17 03:31:33,-32.03,-52.1,60.01,96,0,1.01
18,Mataura,NZ,2020-04-17 03:31:33,-46.19,168.86,51.01,85,96,3.0
19,Busselton,AU,2020-04-17 03:31:33,-33.65,115.33,75.99,32,61,2.51
20,Albany,US,2020-04-17 03:30:02,42.6,-73.97,35.01,55,20,5.82
21,Saldanha,ZA,2020-04-17 03:31:34,-33.01,17.94,53.6,87,13,1.12
22,Ponta Do Sol,PT,2020-04-17 03:31:34,32.67,-17.1,60.8,67,20,4.7
23,Vershino-Shakhtaminskiy,RU,2020-04-17 03:31:34,51.3,117.89,55.44,23,3,4.97
24,Leningradskiy,RU,2020-04-17 03:31:34,69.38,178.42,16.47,95,100,7.54
25,Cabo San Lucas,MX,2020-04-17 03:31:08,22.89,-109.91,72.0,43,75,6.15
26,Road Town,VG,2020-04-17 03:31:35,18.42,-64.62,80.01,74,1,8.05
27,Torbay,CA,2020-04-17 03:31:35,47.67,-52.73,30.99,79,5,18.34
28,Siguiri,GN,2020-04-17 03:31:36,11.67,-9.5,87.1,33,70,4.45
29,Cidreira,BR,2020-04-17 03:31:36,-30.18,-50.21,65.57,77,19,10.2
30,Provideniya,RU,2020-04-17 03:31:36,64.38,-173.3,32.0,94,90,13.42
31,Barrow,US,2020-04-17 03:30:01,71.29,-156.79,15.8,78,90,6.93
32,Kavieng,PG,2020-04-17 03:31:37,-2.57,150.8,77.07,86,100,13.22
33,Ancud,CL,2020-04-17 03:31:37,-41.87,-73.82,57.2,100,90,16.11
34,Rio Claro,BR,2020-04-17 03:31:38,-22.41,-47.56,63.39,77,1,3.18
35,Hilo,US,2020-04-17 03:31:39,19.73,-155.09,78.8,61,90,10.29
36,Celestun,MX,2020-04-17 03:31:39,20.87,-90.4,80.13,75,100,19.44
37,Nioro,GM,2020-04-17 03:31:39,13.35,-15.75,74.52,42,5,7.65
38,Bursa,TR,2020-04-17 03:31:40,40.17,29.08,32.0,50,0,3.44
39,Paamiut,GL,2020-04-17 03:31:40,61.99,-49.67,24.55,89,47,6.4
40,Souillac,MU,2020-04-17 03:31:40,-20.52,57.52,77.0,83,40,13.87
41,Yellowknife,CA,2020-04-17 03:30:21,62.46,-114.35,35.01,92,90,6.93
42,Atambua,ID,2020-04-17 03:31:41,-9.11,124.89,82.15,67,1,2.15
43,Vaini,TO,2020-04-17 03:31:41,-21.2,-175.2,80.6,74,40,8.05
44,Butaritari,KI,2020-04-17 03:31:41,3.07,172.79,83.61,76,99,14.0
45,Ribeira Grande,PT,2020-04-17 03:29:02,38.52,-28.7,58.68,79,42,10.18
46,Inhambane,MZ,2020-04-17 03:31:42,-23.86,35.38,76.3,83,48,5.03
47,Mitu,CO,2020-04-17 03:29:49,1.2,-70.17,76.05,75,88,1.99
48,Yar-Sale,RU,2020-04-17 03:31:42,66.83,70.83,31.01,98,100,19.13
49,Talnakh,RU,2020-04-17 03:31:42,69.49,88.4,26.6,68,85,11.18
50,Tasiilaq,GL,2020-04-17 03:31:43,65.61,-37.64,30.2,92,100,28.86
51,Chara,RU,2020-04-17 03:31:43,56.91,118.26,27.84,74,100,8.12
52,Colares,PT,2020-04-17 03:31:43,38.8,-9.45,59.0,93,75,16.11
53,Geraldton,AU,2020-04-17 03:31:43,-28.77,114.6,86.0,22,80,4.7
54,Port-Cartier,CA,2020-04-17 03:31:44,50.03,-66.87,28.99,62,40,2.24
55,Antofagasta,CL,2020-04-17 03:27:10,-23.65,-70.4,62.6,88,14,12.75
56,Thompson,CA,2020-04-17 03:31:44,55.74,-97.86,17.6,57,20,4.99
57,Rikitea,PF,2020-04-17 03:31:44,-23.12,-134.97,76.5,75,1,11.16
58,Kahului,US,2020-04-17 03:31:45,20.89,-156.47,80.6,54,40,18.34
59,Abnub,EG,2020-04-17 03:31:45,27.27,31.15,59.0,67,7,11.41
60,Vestmanna,FO,2020-04-17 03:27:13,62.16,-7.17,41.0,86,83,9.28
61,Wahiawa,US,2020-04-17 03:31:46,21.5,-158.02,80.6,65,20,16.11
62,Sladkovo,RU,2020-04-17 03:31:46,55.53,70.34,50.02,51,100,14.67
63,Port Elizabeth,ZA,2020-04-17 03:31:47,-33.92,25.57,50.0,87,1,3.36
64,Pangnirtung,CA,2020-04-17 03:31:47,66.15,-65.71,14.27,88,100,2.62
65,Salalah,OM,2020-04-17 03:31:47,17.02,54.09,80.6,74,40,4.7
66,Alice Springs,AU,2020-04-17 03:30:40,-23.7,133.88,84.2,26,0,11.41
67,Tuktoyaktuk,CA,2020-04-17 03:27:46,69.45,-133.04,15.8,85,90,10.29
68,Haines Junction,CA,2020-04-17 03:31:49,60.75,-137.51,41.09,66,100,3.49
69,Jackson,US,2020-04-17 03:31:49,42.42,-122.83,68.0,17,1,14.99
70,Bahia Blanca,AR,2020-04-17 03:31:50,-38.72,-62.27,63.77,46,29,14.12
71,Saint-Philippe,RE,2020-04-17 03:31:50,-21.36,55.77,73.4,73,7,8.05
72,Hobart,AU,2020-04-17 03:31:50,-42.88,147.33,55.99,66,40,20.8
73,Port Augusta,AU,2020-04-17 03:31:51,-32.5,137.77,66.2,63,90,11.41
74,Mar Del Plata,AR,2020-04-17 03:31:51,-38.0,-57.56,60.01,100,34,3.36
75,Cheyenne,US,2020-04-17 03:31:51,41.14,-104.82,21.0,85,90,6.93
76,Bredasdorp,ZA,2020-04-17 03:31:43,-34.53,20.04,60.8,77,34,1.12
77,Constitucion,CL,2020-04-17 03:31:52,-35.33,-72.42,55.85,70,19,5.26
78,Mukhen,RU,2020-04-17 03:31:52,48.1,136.1,58.95,30,0,7.7
79,Salina,US,2020-04-17 03:28:54,38.84,-97.61,37.99,93,90,24.16
80,Fowa,NG,2020-04-17 03:31:52,8.92,6.4,84.07,63,10,5.93
81,Kruisfontein,ZA,2020-04-17 03:31:52,-34.0,24.73,53.89,69,21,2.55
82,Luderitz,NA,2020-04-17 03:27:27,-26.65,15.16,53.6,93,0,4.7
83,Chupa,RU,2020-04-17 03:31:53,66.27,33.05,30.97,97,94,15.5
84,Vila Velha,BR,2020-04-17 03:31:53,-20.33,-40.29,77.0,83,75,5.82
85,Dingle,PH,2020-04-17 03:31:54,11.0,122.67,89.67,55,73,12.93
86,Kodiak,US,2020-04-17 03:31:54,57.79,-152.41,46.4,81,75,4.7
87,Nikolskoye,RU,2020-04-17 03:31:54,59.7,30.79,35.6,74,20,11.18
88,Castro,BR,2020-04-17 03:29:16,-24.79,-50.01,49.93,40,0,2.1
89,Oktyabrskiy,RU,2020-04-17 03:31:54,54.48,53.47,37.13,75,99,15.21
90,Zeya,RU,2020-04-17 03:31:55,53.75,127.27,52.7,39,2,6.31
91,Atasu,KZ,2020-04-17 03:31:55,48.68,71.64,50.59,42,0,10.45
92,Lorengau,PG,2020-04-17 03:31:55,-2.02,147.27,82.31,78,99,11.65
93,Inirida,CO,2020-04-17 03:31:55,3.87,-67.92,76.42,79,35,3.13
94,Georgiyevka,KZ,2020-04-17 03:31:56,43.04,74.71,50.0,81,0,2.24
95,Bluff,NZ,2020-04-17 03:31:56,-46.6,168.33,51.01,85,99,3.0
96,Miles City,US,2020-04-17 03:28:57,46.41,-105.84,30.2,63,1,8.05
97,Klaksvik,FO,2020-04-17 03:31:56,62.23,-6.59,41.0,86,46,9.37
98,Calinesti,RO,2020-04-17 03:31:57,44.82,25.05,46.06,60,82,4.14
99,Salina Cruz,MX,2020-04-17 03:30:16,16.17,-95.2,83.21,75,57,2.95
100,Pisco,PE,2020-04-17 03:31:57,-13.7,-76.22,71.6,73,53,8.05
101,Gimli,CA,2020-04-17 03:31:57,50.63,-96.99,25.0,69,16,4.36
102,Hokitika,NZ,2020-04-17 03:31:57,-42.72,170.97,59.4,81,100,11.34
103,Honningsvag,NO,2020-04-17 03:31:58,70.98,25.97,37.4,80,75,19.46
104,Ilulissat,GL,2020-04-17 03:31:58,69.22,-51.1,28.4,50,100,20.8
105,Mehamn,NO,2020-04-17 03:31:58,71.04,27.85,37.4,86,75,19.46
106,Georgetown,MY,2020-04-17 03:27:45,5.41,100.34,86.0,74,20,5.82
107,Pundaguitan,PH,2020-04-17 03:31:59,6.37,126.17,83.17,74,89,9.06
108,Kupang,ID,2020-04-17 03:31:59,-10.17,123.58,89.6,66,20,6.93
109,Langarud,IR,2020-04-17 03:31:59,37.2,50.15,53.6,87,75,4.23
110,Saskylakh,RU,2020-04-17 03:31:59,71.92,114.08,-0.13,89,0,3.18
111,Plouzane,FR,2020-04-17 03:32:00,48.38,-4.62,55.4,93,99,4.7
112,Morlaix,FR,2020-04-17 03:30:27,48.58,-4.0,55.4,93,100,4.7
113,Pitimbu,BR,2020-04-17 03:32:00,-7.47,-34.81,77.0,100,75,6.93
114,Marawi,PH,2020-04-17 03:32:00,8.0,124.29,86.81,41,92,4.09
115,Sistranda,NO,2020-04-17 03:32:01,63.73,8.83,39.99,74,75,19.46
116,Cerritos,US,2020-04-17 03:28:49,33.86,-118.06,63.0,72,1,5.82
117,New Norfolk,AU,2020-04-17 03:32:01,-42.78,147.06,55.99,66,40,20.8
118,Waipawa,NZ,2020-04-17 03:32:01,-41.41,175.52,64.4,77,46,16.11
119,Kabanjahe,ID,2020-04-17 03:28:52,3.1,98.49,86.0,74,40,5.82
120,Cabog,PH,2020-04-17 03:32:02,15.32,121.37,84.96,65,84,7.87
121,Kadom,RU,2020-04-17 03:32:02,54.56,42.47,38.77,84,100,13.62
122,Buala,SB,2020-04-17 03:29:49,-8.14,159.59,81.36,79,99,3.87
123,Maragogi,BR,2020-04-17 03:32:02,-9.01,-35.22,79.66,82,100,7.34
124,Quatre Cocos,MU,2020-04-17 03:31:50,-20.21,57.76,77.0,83,40,13.87
125,Alofi,NU,2020-04-17 03:32:03,-19.06,-169.92,78.8,88,75,5.82
126,Malanje,AO,2020-04-17 03:32:03,-9.54,16.34,65.14,70,99,1.41
127,Iqaluit,CA,2020-04-17 03:32:03,63.75,-68.51,5.0,77,40,11.41
128,Na Klang,TH,2020-04-17 03:32:04,17.31,102.19,93.2,62,59,2.1
129,Hay River,CA,2020-04-17 03:32:04,60.82,-115.8,39.2,60,75,3.36
130,Arraial Do Cabo,BR,2020-04-17 03:32:04,-22.97,-42.03,75.29,78,100,10.65
131,Lubin,PL,2020-04-17 03:32:04,51.4,16.2,44.01,81,28,1.12
132,Anjozorobe,MG,2020-04-17 03:32:05,-18.4,47.87,55.4,93,20,4.7
133,Hermanus,ZA,2020-04-17 03:32:05,-34.42,19.23,57.0,87,29,1.34
134,Puerto Carreno,CO,2020-04-17 03:32:05,6.19,-67.49,84.47,47,82,4.76
135,Pouebo,NC,2020-04-17 03:32:05,-20.4,164.57,80.28,70,47,6.55
136,Yulara,AU,2020-04-17 03:32:06,-25.24,130.99,84.2,25,53,13.87
137,Santa Marta,CO,2020-04-17 03:32:06,11.24,-74.2,80.29,71,28,18.12
138,Camacha,PT,2020-04-17 03:32:06,33.08,-16.33,62.6,77,40,10.29
139,Itacoatiara,BR,2020-04-17 03:32:06,-3.14,-58.44,77.0,94,20,2.24
140,Samarai,PG,2020-04-17 03:32:07,-10.62,150.67,85.03,70,97,7.67
141,Princeton,US,2020-04-17 03:32:07,25.54,-80.41,78.8,83,20,9.17
142,Xingyi,CN,2020-04-17 03:32:07,24.19,102.82,76.21,21,2,12.91
143,Xuanzhou,CN,2020-04-17 03:32:07,30.95,118.76,67.24,81,94,5.55
144,Saint George,US,2020-04-17 03:30:33,37.1,-113.58,66.0,27,1,10.29
145,Skibbereen,IE,2020-04-17 03:32:08,51.55,-9.27,50.0,93,75,10.29
146,Solnechnyy,RU,2020-04-17 03:32:08,50.72,136.63,58.24,29,7,2.84
147,Angoche,MZ,2020-04-17 03:32:08,-16.23,39.91,76.6,83,0,3.22
148,Tiarei,PF,2020-04-17 03:32:09,-17.53,-149.33,86.0,70,43,9.17
149,Ust-Maya,RU,2020-04-17 03:32:09,60.42,134.53,16.77,79,89,6.24
150,Hovd,MN,2020-04-17 03:32:09,48.01,91.64,41.2,46,99,2.68
151,Yuzhou,CN,2020-04-17 03:32:10,34.16,113.46,73.4,20,62,6.71
152,Vao,NC,2020-04-17 03:32:10,-22.67,167.48,74.8,64,2,8.84
153,Vanavara,RU,2020-04-17 03:32:10,60.34,102.28,31.84,87,100,11.07
154,Touros,BR,2020-04-17 03:32:11,-5.2,-35.46,75.2,100,40,3.36
155,Tucuman,AR,2020-04-17 03:32:11,-26.82,-65.22,64.4,82,29,6.93
156,Chuy,UY,2020-04-17 03:32:11,-33.7,-53.46,60.76,90,0,7.49
157,Bejucal,CU,2020-04-17 03:32:11,22.93,-82.39,82.4,83,40,8.05
158,Waddan,LY,2020-04-17 03:32:12,29.16,16.14,64.56,49,0,9.84
159,Kaitangata,NZ,2020-04-17 03:32:12,-46.28,169.85,51.01,73,99,11.01
160,Tonantins,BR,2020-04-17 03:32:12,-2.87,-67.8,74.66,94,100,1.36
161,Huarmey,PE,2020-04-17 03:32:13,-10.07,-78.15,73.74,70,35,7.52
162,Vestmannaeyjar,IS,2020-04-17 03:32:13,63.44,-20.27,45.03,95,100,12.93
163,Ozinki,RU,2020-04-17 03:32:13,51.18,49.68,40.66,80,74,25.48
164,Vila,PT,2020-04-17 03:32:13,42.03,-8.16,55.99,93,75,10.29
165,Isangel,VU,2020-04-17 03:32:13,-19.55,169.27,82.4,69,40,9.17
166,Khor,RU,2020-04-17 03:32:14,47.89,134.95,58.41,32,0,9.86
167,Havelock,US,2020-04-17 03:31:53,34.88,-76.9,52.0,62,1,1.43
168,Qaanaaq,GL,2020-04-17 03:32:14,77.48,-69.36,13.78,83,100,5.57
169,Little Falls,US,2020-04-17 03:32:14,40.87,-74.21,41.0,55,1,4.7
170,Maltahohe,NA,2020-04-17 03:32:03,-24.83,16.98,58.55,19,62,10.42
171,San Cristobal,VE,2020-04-17 03:32:15,7.77,-72.22,68.02,54,85,1.14
172,Arrecife,ES,2020-04-17 03:32:16,28.96,-13.55,68.0,72,0,2.24
173,High Level,CA,2020-04-17 03:32:16,58.52,-117.14,48.2,45,90,5.41
174,Rosa Zarate,EC,2020-04-17 03:32:16,0.33,-79.47,75.0,91,100,3.51
175,Port-Gentil,GA,2020-04-17 03:32:16,-0.72,8.78,80.37,84,100,9.19
176,Shieli,KZ,2020-04-17 03:32:16,44.17,66.75,58.37,41,0,4.05
177,Urumqi,CN,2020-04-17 03:29:13,43.8,87.6,53.6,81,75,2.24
178,Yakeshi,CN,2020-04-17 03:32:17,49.28,120.73,56.25,26,60,9.17
179,Lompoc,US,2020-04-17 03:32:17,34.64,-120.46,57.99,82,75,5.82
180,Vila Franca Do Campo,PT,2020-04-17 03:32:17,37.72,-25.43,57.2,82,20,8.05
181,Gulabpura,IN,2020-04-17 03:32:18,25.9,74.67,88.83,23,90,10.47
182,Kon Tum,VN,2020-04-17 03:32:18,14.35,108.0,87.21,39,99,1.97
183,Vazante,BR,2020-04-17 03:32:18,-17.99,-46.91,65.89,72,81,3.27
184,San Policarpo,PH,2020-04-17 03:32:18,12.18,125.51,82.45,81,55,11.77
185,Magistralnyy,RU,2020-04-17 03:32:19,56.17,107.45,49.8,48,77,3.13
186,Upernavik,GL,2020-04-17 03:32:17,72.79,-56.15,23.65,90,100,10.63
187,Shar,KZ,2020-04-17 03:32:19,49.59,81.05,52.05,47,0,8.32
188,Cap Malheureux,MU,2020-04-17 03:32:19,-19.98,57.61,77.0,83,40,13.87
189,Maceio,BR,2020-04-17 03:32:20,-9.67,-35.74,75.2,94,75,3.36
190,Beringovskiy,RU,2020-04-17 03:32:20,63.05,179.32,25.48,96,98,18.32
191,Macapa,BR,2020-04-17 03:32:20,0.04,-51.07,77.0,100,16,2.24
192,Nouadhibou,MR,2020-04-17 03:32:20,20.93,-17.03,64.4,88,63,12.75
193,Hithadhoo,MV,2020-04-17 03:32:14,-0.6,73.08,83.35,73,87,1.61
194,Tautira,PF,2020-04-17 03:32:21,-17.73,-149.15,86.0,70,66,9.17
195,Victoria,HK,2020-04-17 03:28:58,22.29,114.16,82.99,57,20,11.41
196,Kopargaon,IN,2020-04-17 03:32:21,19.88,74.48,88.27,25,0,6.38
197,Bambous Virieux,MU,2020-04-17 03:32:21,-20.34,57.76,77.0,83,40,13.87
198,Muroto,JP,2020-04-17 03:32:22,33.28,134.15,66.2,63,75,6.93
199,Ayagoz,KZ,2020-04-17 03:32:22,47.97,80.44,49.14,43,17,17.96
200,Montijo,PT,2020-04-17 03:32:15,38.71,-8.97,59.0,93,75,16.11
201,Lensk,RU,2020-04-17 03:32:22,60.73,114.93,24.66,86,92,8.61
202,Chokurdakh,RU,2020-04-17 03:32:23,70.63,147.92,-2.29,91,67,9.06
203,Tikrit,IQ,2020-04-17 03:32:23,34.61,43.68,67.05,41,47,7.09
204,Corrientes,AR,2020-04-17 03:30:47,-27.48,-58.83,61.0,67,1,5.82
205,Saint-Joseph,RE,2020-04-17 03:32:23,-21.37,55.62,73.4,73,7,8.05
206,Lusambo,CD,2020-04-17 03:32:23,-4.97,23.45,70.99,84,100,0.67
207,Rochegda,RU,2020-04-17 03:32:24,62.8,43.25,34.34,95,100,7.05
208,Lucapa,AO,2020-04-17 03:32:24,-8.42,20.74,67.23,74,99,2.84
209,Liverpool,GB,2020-04-17 03:32:24,53.41,-2.98,48.2,81,82,5.82
210,Lahij,YE,2020-04-17 03:32:24,13.17,44.58,76.73,69,30,5.91
211,Codrington,AU,2020-04-17 03:29:31,-38.27,141.97,60.21,64,84,18.19
212,Kozhva,RU,2020-04-17 03:32:25,65.11,57.05,34.59,84,100,7.34
213,Portland,US,2020-04-17 03:28:04,45.52,-122.68,66.2,25,20,13.87
214,Gilgit,PK,2020-04-17 03:32:25,35.92,74.31,55.27,28,100,2.35
215,Labuhan,ID,2020-04-17 03:32:25,-6.88,112.21,87.31,67,72,4.94
216,Mackenzie,CA,2020-04-17 03:32:16,55.3,-123.17,48.2,49,90,2.24
217,Port Lincoln,AU,2020-04-17 03:30:17,-34.73,135.87,64.85,52,26,10.8
218,Kokopo,PG,2020-04-17 03:32:26,-4.35,152.26,78.24,87,98,11.18
219,Emba,KZ,2020-04-17 03:32:26,48.83,58.14,42.93,77,100,4.52
220,Nizhniy Tsasuchey,RU,2020-04-17 03:32:27,50.52,115.13,58.96,27,0,9.95
221,Pilar,BR,2020-04-17 03:32:27,-9.6,-35.96,75.2,94,75,3.36
222,Lavrentiya,RU,2020-04-17 03:32:27,65.58,-171.0,31.8,98,100,7.16
223,Aden,YE,2020-04-17 03:30:03,12.78,45.04,82.54,78,5,11.48
224,Laguna,US,2020-04-17 03:32:27,38.42,-121.42,69.01,72,1,11.41
225,Bud,US,2020-04-17 03:32:28,39.45,-86.18,45.0,56,90,4.7
226,Mayo,US,2020-04-17 03:32:28,38.89,-76.51,45.0,39,1,9.17
227,Namwala,ZM,2020-04-17 03:32:28,-15.75,26.44,64.63,60,0,3.0
228,Concepcion,CL,2020-04-17 03:28:12,-36.83,-73.05,57.2,93,90,2.24
229,Kasongo,CD,2020-04-17 03:32:29,-4.45,26.67,70.16,81,100,2.21
230,Alyangula,AU,2020-04-17 03:32:29,-13.85,136.42,89.6,62,40,6.93
231,Khatanga,RU,2020-04-17 03:32:26,71.97,102.5,10.53,91,0,14.27
232,Emerald,AU,2020-04-17 03:32:29,-23.53,148.17,91.0,33,0,5.82
233,Aykhal,RU,2020-04-17 03:32:30,66.0,111.5,8.6,60,91,4.47
234,Ambatofinandrahana,MG,2020-04-17 03:32:30,-20.55,46.8,52.41,61,31,4.38
235,Naryan-Mar,RU,2020-04-17 03:32:30,67.67,53.09,31.08,96,100,12.08
236,Kasongo-Lunda,CD,2020-04-17 03:32:30,-6.47,16.82,72.18,78,100,1.12
237,Taphan Hin,TH,2020-04-17 03:32:30,16.22,100.42,96.01,62,32,10.29
238,Talara,PE,2020-04-17 03:32:31,-4.58,-81.27,75.65,70,88,10.67
239,Abilene,US,2020-04-17 03:32:31,32.45,-99.73,68.0,59,1,23.04
240,Aksu,CN,2020-04-17 03:32:31,41.12,80.26,55.09,46,100,11.81
241,Clermont,FR,2020-04-17 03:27:47,49.5,2.42,57.2,93,40,3.36
242,Beinamar,TD,2020-04-17 03:32:32,8.67,15.38,80.11,16,21,3.89
243,Faanui,PF,2020-04-17 03:32:32,-16.48,-151.75,83.5,65,16,9.04
244,Tiksi,RU,2020-04-17 03:32:32,71.69,128.87,-1.55,91,99,6.93
245,Zhangye,CN,2020-04-17 03:32:32,38.93,100.45,57.72,17,100,1.32
246,Cherskiy,RU,2020-04-17 03:32:22,68.75,161.3,13.62,94,84,9.48
247,Deoband,IN,2020-04-17 03:32:33,29.7,77.68,90.55,18,97,13.18
248,Ballina,AU,2020-04-17 03:32:33,-28.87,153.57,91.4,35,21,11.41
249,Bouca,CF,2020-04-17 03:32:33,6.51,18.27,76.51,54,84,4.0
250,Broken Hill,AU,2020-04-17 03:32:34,-31.95,141.43,64.4,45,70,9.17
251,Fomboni,KM,2020-04-17 03:32:34,-12.28,43.74,83.23,71,87,8.01
252,Komsomolskiy,UZ,2020-04-17 03:32:34,40.43,71.72,59.0,67,46,3.58
253,Ishigaki,JP,2020-04-17 03:32:34,24.34,124.16,77.0,73,40,12.75
254,Clyde River,CA,2020-04-17 03:32:34,70.47,-68.59,-0.4,84,75,13.87
255,Yatou,CN,2020-04-17 03:32:35,37.15,122.38,57.06,51,0,14.94
256,Beckley,US,2020-04-17 03:29:01,37.78,-81.19,46.4,41,1,5.82
257,Aripuana,BR,2020-04-17 03:32:22,-9.17,-60.63,72.34,94,89,2.24
258,Westport,US,2020-04-17 03:28:18,41.14,-73.36,43.0,33,75,9.17
259,Palu,ID,2020-04-17 03:30:53,-0.89,119.87,92.05,50,10,2.37
260,Sambava,MG,2020-04-17 03:32:36,-14.27,50.17,74.39,87,57,8.08
261,Khash,IR,2020-04-17 03:32:36,28.22,61.22,57.07,46,17,6.33
262,Esperance,AU,2020-04-17 03:32:36,-33.87,121.9,71.6,46,0,6.93
263,Paita,PE,2020-04-17 03:28:48,-5.09,-81.11,75.4,67,30,13.02
264,Mandera,KE,2020-04-17 03:32:37,3.94,41.87,73.99,20,62,10.54
265,Katsuura,JP,2020-04-17 03:32:35,35.13,140.3,61.0,54,75,3.36
266,Tuatapere,NZ,2020-04-17 03:32:37,-46.13,167.68,51.01,85,85,3.0
267,Bethel,US,2020-04-17 03:32:38,41.37,-73.41,42.01,47,75,9.17
268,Biaora,IN,2020-04-17 03:32:38,23.87,76.92,91.45,16,99,12.73
269,Thinadhoo,MV,2020-04-17 03:32:38,0.53,72.93,84.49,70,6,4.43
270,Pevek,RU,2020-04-17 03:32:38,69.7,170.31,16.7,95,100,5.97
271,Batemans Bay,AU,2020-04-17 03:32:39,-35.72,150.18,72.0,56,4,7.0
272,Itaituba,BR,2020-04-17 03:32:39,-4.28,-55.98,74.37,93,91,0.25
273,Illapel,CL,2020-04-17 03:32:39,-31.63,-71.17,60.46,59,0,2.8
274,Sao Filipe,CV,2020-04-17 03:28:21,14.9,-24.5,71.29,77,55,16.87
275,Acapulco,MX,2020-04-17 03:31:30,16.86,-99.89,78.8,69,5,4.7
276,Deep River,CA,2020-04-17 03:32:40,46.1,-77.5,32.0,58,40,5.82
277,Taltal,CL,2020-04-17 03:32:40,-25.4,-70.48,64.47,64,0,3.06
278,Beyneu,KZ,2020-04-17 03:32:40,45.32,55.2,49.68,59,15,10.09
279,Strandby,DK,2020-04-17 03:32:40,57.49,10.5,43.03,66,0,11.34
280,Murgab,TM,2020-04-17 03:31:56,37.5,61.97,57.2,76,0,4.7
281,Manaure,CO,2020-04-17 03:32:41,11.78,-72.44,79.29,75,8,15.43
282,Telimele,GN,2020-04-17 03:32:41,10.92,-13.33,76.46,69,87,1.34
283,Mporokoso,ZM,2020-04-17 03:32:41,-9.37,30.12,61.81,65,94,5.88
284,Makakilo City,US,2020-04-17 03:32:42,21.35,-158.09,80.6,65,20,16.11
285,Astana,KZ,2020-04-17 03:31:41,51.18,71.45,50.0,53,0,4.47
286,Young,UY,2020-04-17 03:32:42,-32.68,-57.63,53.01,84,0,4.9
287,Coihaique,CL,2020-04-17 03:32:42,-45.58,-72.07,55.4,93,20,3.36
288,Axim,GH,2020-04-17 03:32:43,4.87,-2.24,81.93,86,79,10.58
289,Bilma,NE,2020-04-17 03:32:06,18.69,12.92,79.11,12,55,8.34
290,Srednekolymsk,RU,2020-04-17 03:32:43,67.45,153.68,10.27,93,100,11.41
291,Adrar,MR,2020-04-17 03:32:43,20.5,-10.07,83.05,14,32,7.0
292,Son La,VN,2020-04-17 03:32:44,21.32,103.9,84.2,44,34,2.77
293,Korla,CN,2020-04-17 03:32:44,41.76,86.15,62.44,34,99,8.93
294,Mezhdurechensk,RU,2020-04-17 03:32:44,53.69,88.06,45.0,73,78,4.68
295,Sorland,NO,2020-04-17 03:32:44,67.67,12.69,37.4,69,75,25.28
296,Meulaboh,ID,2020-04-17 03:32:45,4.14,96.13,77.99,88,100,4.88
297,Alamosa,US,2020-04-17 03:30:30,37.47,-105.87,46.4,45,40,14.99
298,Riyadh,SA,2020-04-17 03:30:09,24.69,46.72,66.2,55,0,2.24
299,Kopanskaya,RU,2020-04-17 03:32:45,46.28,38.48,48.06,68,15,23.2
300,Sawakin,SD,2020-04-17 03:32:45,19.11,37.33,72.46,54,0,6.87
301,Sarkand,KZ,2020-04-17 03:32:46,45.41,79.92,52.3,37,11,3.29
302,Zhangjiakou,CN,2020-04-17 03:32:46,40.81,114.88,52.84,32,25,19.19
303,Ambon,ID,2020-04-17 03:32:46,-3.7,128.18,91.4,63,40,5.82
304,Andenes,NO,2020-04-17 03:32:46,69.31,16.12,33.8,77,100,12.75
305,San Andres,CO,2020-04-17 03:32:47,12.58,-81.7,82.4,74,20,10.29
306,Gornyy,RU,2020-04-17 03:32:47,55.12,83.91,42.53,73,0,2.93
307,Gagarin,RU,2020-04-17 03:32:47,55.55,35.0,32.58,87,100,13.09
308,Coahuayana,MX,2020-04-17 03:32:47,18.73,-103.68,74.82,53,0,2.08
309,Cochrane,CA,2020-04-17 03:30:47,51.18,-114.47,42.8,33,20,2.24
310,Grand Gaube,MU,2020-04-17 03:32:48,-20.01,57.66,77.0,83,40,13.87
311,Ajdabiya,LY,2020-04-17 03:32:48,30.76,20.23,59.7,54,5,8.05
312,Lata,PT,2020-04-17 03:32:48,40.16,-8.33,57.99,93,20,5.82
313,Cuamba,MZ,2020-04-17 03:32:49,-14.8,36.54,64.85,81,6,1.14
314,Sao Joao Da Barra,BR,2020-04-17 03:31:42,-21.64,-41.05,74.57,91,67,10.04
315,Palestine,PS,2020-04-17 03:32:49,31.92,35.2,60.8,82,40,3.36
316,Mahebourg,MU,2020-04-17 03:32:49,-20.41,57.7,77.0,83,40,13.87
317,Kirakira,SB,2020-04-17 03:32:49,-10.45,161.92,85.73,65,69,3.33
318,Fare,PF,2020-04-17 03:32:50,-16.7,-151.02,84.11,67,63,8.81
319,Vardo,NO,2020-04-17 03:32:50,70.37,31.11,33.8,84,75,20.8
320,Henties Bay,NA,2020-04-17 03:32:50,-22.12,14.28,55.99,90,0,3.85
321,Lasem,ID,2020-04-17 03:32:51,-6.69,111.45,85.06,72,26,3.98
322,Sioux Lookout,CA,2020-04-17 03:32:51,50.1,-91.92,26.6,57,20,3.36
323,Lusaka,ZM,2020-04-17 03:32:51,-15.41,28.29,64.4,82,0,4.7
324,Jurm,AF,2020-04-17 03:32:51,36.86,70.83,51.33,35,100,3.67
325,Bandundu,CD,2020-04-17 03:32:52,-3.32,17.37,73.63,86,100,2.01
326,Kharan,PK,2020-04-17 03:32:52,28.58,65.42,68.13,51,12,2.68
327,Mount Gambier,AU,2020-04-17 03:31:00,-37.83,140.77,59.0,72,90,16.11
328,Erdemli,TR,2020-04-17 03:32:52,36.6,34.31,63.54,50,0,7.92
329,Kimberley,ZA,2020-04-17 03:32:53,-28.73,24.76,44.6,81,0,4.7
330,Hasaki,JP,2020-04-17 03:32:21,35.73,140.83,59.0,58,75,3.36
331,Aswan,EG,2020-04-17 03:32:53,24.09,32.91,73.4,17,8,16.11
332,Sesimbra,PT,2020-04-17 03:32:53,38.44,-9.1,59.0,93,75,14.99
333,Neiafu,TO,2020-04-17 03:32:53,-18.65,-173.98,77.0,94,75,5.79
334,Antalaha,MG,2020-04-17 03:32:14,-14.9,50.28,76.39,82,55,11.34
335,Lagoa,PT,2020-04-17 03:32:54,39.05,-27.98,59.34,79,0,10.07
336,Ubaira,BR,2020-04-17 03:32:54,-13.27,-39.66,69.57,86,26,2.46
337,Dakar,SN,2020-04-17 03:28:02,14.69,-17.44,69.96,81,17,20.6
338,Nouakchott,MR,2020-04-17 03:29:15,18.09,-15.98,66.38,80,48,14.41
339,Dombarovskiy,RU,2020-04-17 03:32:55,50.76,59.54,39.81,79,100,3.44
340,Shimoda,JP,2020-04-17 03:32:55,34.67,138.95,57.2,67,75,13.87
341,Caravelas,BR,2020-04-17 03:32:56,-17.71,-39.25,77.52,87,10,6.06
342,Buraydah,SA,2020-04-17 03:30:38,26.33,43.98,62.6,51,1,5.82
343,Buchanan,LR,2020-04-17 03:32:56,5.88,-10.05,80.69,88,48,6.2
344,Desaguadero,PE,2020-04-17 03:32:56,-16.57,-69.04,41.58,24,10,6.78
345,Fairbanks,US,2020-04-17 03:30:02,64.84,-147.72,45.0,70,40,9.17
346,Hargeysa,SO,2020-04-17 03:32:57,9.56,44.06,70.72,56,88,5.75
347,Goundi,TD,2020-04-17 03:32:57,9.36,17.37,81.68,13,4,4.0
348,Maniitsoq,GL,2020-04-17 03:32:57,65.42,-52.9,27.5,95,100,18.43
349,Yaan,NG,2020-04-17 03:32:57,7.38,8.57,81.5,72,99,12.71
350,Sao Felix Do Xingu,BR,2020-04-17 03:32:58,-6.64,-51.99,71.51,91,37,1.25
351,Guerrero Negro,MX,2020-04-17 03:32:33,27.98,-114.06,65.55,56,59,13.24
352,Ostrovnoy,RU,2020-04-17 03:31:56,68.05,39.51,30.94,96,92,16.28
353,Asyut,EG,2020-04-17 03:32:58,27.18,31.18,59.0,67,5,11.41
354,Airai,TL,2020-04-17 03:32:59,-8.93,125.41,73.44,53,0,3.4
355,Sisimiut,GL,2020-04-17 03:31:44,66.94,-53.67,26.38,90,99,7.49
356,Carnarvon,AU,2020-04-17 03:32:59,-24.87,113.63,95.0,26,89,8.05
357,Petatlan,MX,2020-04-17 03:32:59,17.52,-101.27,79.81,50,0,3.4
358,Taoudenni,ML,2020-04-17 03:32:37,22.68,-3.98,89.85,22,96,8.1
359,Kathmandu,NP,2020-04-17 03:29:04,27.72,85.32,69.8,83,40,3.36
360,Letlhakeng,BW,2020-04-17 03:33:00,-24.09,25.03,59.76,20,0,8.52
361,Namibe,AO,2020-04-17 03:33:00,-15.2,12.15,73.67,66,0,8.21
362,Werda,BW,2020-04-17 03:33:00,-25.27,23.28,58.57,23,10,11.3
363,Golovchino,RU,2020-04-17 03:33:01,50.53,35.8,41.0,65,40,11.18
364,Dhidhdhoo,MV,2020-04-17 03:33:01,6.88,73.1,85.75,65,98,7.96
365,Luz,BR,2020-04-17 03:33:01,-19.8,-45.69,65.97,71,69,2.15
366,Denpasar,ID,2020-04-17 03:29:26,-8.65,115.22,87.8,89,20,13.87
367,Dandong,CN,2020-04-17 03:33:02,40.13,124.39,51.35,82,100,15.48
368,Beloha,MG,2020-04-17 03:33:02,-25.17,45.05,72.09,69,2,5.55
369,Grove City,US,2020-04-17 03:33:03,39.88,-83.09,42.01,55,1,5.97
370,Lebowakgomo,ZA,2020-04-17 03:33:03,-24.2,29.5,60.8,66,4,3.36
371,Nanortalik,GL,2020-04-17 03:33:03,60.14,-45.24,30.63,97,100,17.09
372,Kavaratti,IN,2020-04-17 03:33:04,10.57,72.64,87.8,70,20,4.7
373,Mutoko,ZW,2020-04-17 03:33:04,-17.4,32.23,61.18,72,2,3.31
374,Kpandu,GH,2020-04-17 03:33:04,7.0,0.29,78.84,80,30,3.2
375,Eregli,TR,2020-04-17 03:33:05,37.51,34.05,45.05,55,0,5.95
376,Salisbury,GB,2020-04-17 03:33:05,51.07,-1.8,52.0,76,41,13.87
377,Corn Island,NI,2020-04-17 03:33:05,12.17,-83.04,81.81,75,0,14.29
378,Soe,ID,2020-04-17 03:33:05,-9.86,124.28,79.3,61,3,6.46
379,Nijar,ES,2020-04-17 03:33:05,36.97,-2.21,62.01,87,100,4.7
380,College,US,2020-04-17 03:33:06,64.86,-147.8,44.6,81,75,8.05
381,Searcy,US,2020-04-17 03:33:05,35.25,-91.74,59.0,58,1,6.93
382,Longyearbyen,SJ,2020-04-17 03:33:06,78.22,15.64,26.6,79,75,5.82
383,Olafsvik,IS,2020-04-17 03:33:06,64.89,-23.71,42.6,93,100,18.32
384,Patiya,BD,2020-04-17 03:33:06,22.29,91.98,86.0,74,75,11.41
385,Udachnyy,RU,2020-04-17 03:32:19,66.42,112.4,8.6,60,78,4.47
386,Boden,SE,2020-04-17 03:33:07,65.83,21.69,30.2,68,4,18.34
387,Comodoro Rivadavia,AR,2020-04-17 03:32:20,-45.87,-67.5,71.6,56,54,26.4
388,Yakima,US,2020-04-17 03:29:45,46.47,-120.67,57.99,22,1,4.7
389,Daru,PG,2020-04-17 03:33:08,-9.08,143.21,86.0,65,69,5.35
390,Carutapera,BR,2020-04-17 03:33:08,-1.2,-46.02,79.25,81,68,3.69
391,Dekar,BW,2020-04-17 03:33:08,-21.53,21.93,65.48,28,9,3.42
392,Avera,US,2020-04-17 03:33:08,33.19,-82.53,51.8,76,1,5.3
393,Bonthe,SL,2020-04-17 03:32:54,7.53,-12.51,80.35,84,46,8.95
394,Ouadda,CF,2020-04-17 03:33:09,8.08,22.4,69.85,15,62,2.95
395,Porto Santo,PT,2020-04-17 03:33:09,33.07,-16.34,60.8,82,40,9.17
396,Saint-Augustin,CA,2020-04-17 03:33:09,51.23,-58.65,23.81,90,77,8.93
397,Inta,RU,2020-04-17 03:33:10,66.03,60.17,34.5,94,100,6.8
398,Cullen,GB,2020-04-17 03:33:10,57.69,-2.82,41.0,79,9,3.36
399,Carora,VE,2020-04-17 03:33:10,10.18,-70.08,76.19,57,9,2.91
400,Alindao,CF,2020-04-17 03:33:10,5.03,21.21,74.03,47,2,2.21
401,Egvekinot,RU,2020-04-17 03:33:10,66.32,-179.17,18.86,92,99,13.29
402,Georgiyevskoye,RU,2020-04-17 03:33:11,58.73,45.02,33.48,89,100,3.24
403,Najran,SA,2020-04-17 03:33:11,17.49,44.13,69.8,88,75,4.7
404,Khuzhir,RU,2020-04-17 03:33:11,53.19,107.34,39.9,58,23,4.29
405,Pineville,US,2020-04-17 03:33:12,31.32,-92.43,57.99,58,1,3.36
406,Taveta,KE,2020-04-17 03:33:12,-3.4,37.67,68.0,100,75,4.76
407,Butwal,NP,2020-04-17 03:31:13,27.7,83.45,85.1,36,67,8.63
408,Bayir,TR,2020-04-17 03:33:12,37.27,28.22,46.4,93,0,6.93
409,Kirensk,RU,2020-04-17 03:33:12,57.79,108.11,38.48,68,99,8.46
410,Peniche,PT,2020-04-17 03:33:07,39.36,-9.38,59.0,93,20,5.82
411,Flin Flon,CA,2020-04-17 03:33:13,54.77,-101.86,22.82,94,35,4.92
412,Kiama,AU,2020-04-17 03:33:13,-34.68,150.87,77.0,27,0,19.46
413,Olkhovka,RU,2020-04-17 03:33:13,53.21,60.61,39.94,70,100,10.47
414,Ozernovskiy,RU,2020-04-17 03:33:14,51.5,156.52,30.31,96,100,11.61
415,La Ronge,CA,2020-04-17 03:32:27,55.1,-105.28,35.6,47,20,5.82
416,Cockburn Town,TC,2020-04-17 03:32:44,21.46,-71.14,79.0,79,43,12.55
417,Riihimaki,FI,2020-04-17 03:33:15,60.74,24.78,34.0,96,20,12.75
418,Yerbogachen,RU,2020-04-17 03:32:59,61.28,108.01,28.49,84,45,12.48
419,Libreville,GA,2020-04-17 03:31:35,0.39,9.45,73.4,100,40,3.36
420,Coquimbo,CL,2020-04-17 03:33:15,-29.95,-71.34,57.2,87,6,5.82
421,Parabel,RU,2020-04-17 03:33:16,58.7,81.48,41.47,82,42,3.04
422,Lasa,IT,2020-04-17 03:33:16,46.62,10.7,46.0,86,5,3.36
423,Wagrowiec,PL,2020-04-17 03:33:16,52.81,17.2,42.01,93,30,2.24
424,Roald,NO,2020-04-17 03:33:00,62.58,6.13,41.0,60,93,9.17
425,Cayenne,GF,2020-04-17 03:30:05,4.93,-52.33,77.0,100,90,7.65
426,Norman Wells,CA,2020-04-17 03:32:23,65.28,-126.83,42.8,70,75,21.92
427,Baykit,RU,2020-04-17 03:33:18,61.67,96.37,38.71,83,70,1.88
428,Nara,JP,2020-04-17 03:30:45,34.69,135.8,70.0,40,75,6.93
429,Aloleng,PH,2020-04-17 03:33:18,16.13,119.78,86.92,60,56,5.08
430,Paris,FR,2020-04-17 03:32:14,48.85,2.35,59.0,72,83,5.82
431,Cody,US,2020-04-17 03:32:01,44.53,-109.06,32.0,49,1,3.36
432,Codajas,BR,2020-04-17 03:33:19,-3.84,-62.06,73.78,95,33,1.07
433,Ambulu,ID,2020-04-17 03:30:13,-8.35,113.61,84.36,72,27,1.52
434,Lewistown,US,2020-04-17 03:33:19,40.6,-77.57,34.0,59,90,4.7
435,Port Hedland,AU,2020-04-17 03:33:20,-20.32,118.57,100.4,27,95,8.05
436,Dunedin,NZ,2020-04-17 03:28:34,-45.87,170.5,48.0,90,100,16.46
437,Naze,JP,2020-04-17 03:32:20,28.37,129.48,75.2,57,40,13.87
438,Kloulklubed,PW,2020-04-17 03:32:53,7.04,134.26,84.2,79,75,9.17
439,Ayr,GB,2020-04-17 03:33:21,55.46,-4.63,44.6,80,40,10.29
440,Begoro,GH,2020-04-17 03:32:07,6.39,-0.38,74.01,85,29,6.67
441,Sechura,PE,2020-04-17 03:33:21,-5.56,-80.82,74.14,72,39,14.0
442,Nipawin,CA,2020-04-17 03:33:21,53.37,-104.0,26.6,79,1,12.75
443,Khunti,IN,2020-04-17 03:33:21,23.08,85.28,86.0,45,14,5.82
444,Pahrump,US,2020-04-17 03:33:22,36.21,-115.98,71.01,24,1,3.13
445,Coihueco,CL,2020-04-17 03:33:22,-36.62,-71.83,51.8,66,9,2.24
446,Qunduz,AF,2020-04-17 03:33:22,36.73,68.86,64.42,52,100,2.95
447,Huainan,CN,2020-04-17 03:33:23,32.63,117.0,66.47,54,100,5.7
448,Vostok,RU,2020-04-17 03:29:05,46.49,135.88,52.7,30,0,5.95
449,Ganzhou,CN,2020-04-17 03:33:24,28.82,115.43,76.84,68,44,1.95
450,Sterling,US,2020-04-17 03:33:24,39.01,-77.43,41.0,55,20,3.36
451,Mamallapuram,IN,2020-04-17 03:33:24,12.63,80.17,86.0,74,20,8.05
452,Palmer,US,2020-04-17 03:33:25,42.16,-72.33,37.0,47,1,6.93
453,Fortuna,US,2020-04-17 03:31:16,40.6,-124.16,60.01,100,1,3.36
454,Kayerkan,RU,2020-04-17 03:33:25,69.35,87.76,26.6,68,97,11.18
455,Numan,NG,2020-04-17 03:33:25,9.47,12.03,82.78,13,2,0.78
456,Kyshtovka,RU,2020-04-17 03:33:26,56.55,76.63,48.16,74,95,6.35
457,Ukiah,US,2020-04-17 03:33:26,39.15,-123.21,60.01,83,17,1.19
458,Bathsheba,BB,2020-04-17 03:33:26,13.22,-59.52,78.8,74,40,16.11
459,Anloga,GH,2020-04-17 03:33:26,5.79,0.9,84.2,83,20,12.75
460,Ajaccio,FR,2020-04-17 03:33:27,42.0,8.92,57.2,87,71,5.82
461,Narsaq,GL,2020-04-17 03:32:58,60.92,-46.05,29.28,96,100,5.17
462,Kovur,IN,2020-04-17 03:33:27,14.48,79.98,88.38,54,0,12.68
463,Nome,US,2020-04-17 03:32:21,64.5,-165.41,35.01,100,90,13.87
464,Manosque,FR,2020-04-17 03:33:28,43.83,5.79,51.01,75,91,2.24
465,Amuntai,ID,2020-04-17 03:33:28,-2.42,115.25,91.45,53,14,3.74
466,Barra Dos Coqueiros,BR,2020-04-17 03:33:28,-10.91,-37.04,80.26,80,4,6.4
467,Elko,US,2020-04-17 03:33:29,41.0,-115.5,44.6,36,20,9.17
468,Husavik,IS,2020-04-17 03:33:10,66.04,-17.34,39.2,83,40,40.26
469,Talcahuano,CL,2020-04-17 03:33:29,-36.72,-73.12,57.2,93,90,2.24
470,Jaumave,MX,2020-04-17 03:33:29,23.42,-99.38,70.0,69,100,1.99
471,Mogadishu,SO,2020-04-17 03:33:30,2.04,45.34,83.39,77,86,10.18
472,Shangrao,CN,2020-04-17 03:31:05,28.45,117.97,81.1,49,27,3.89
473,Tenamaxtlan,MX,2020-04-17 03:33:30,20.22,-104.17,68.0,45,23,1.99
474,Rawson,AR,2020-04-17 03:33:30,-43.3,-65.1,72.23,46,100,16.06
475,Hambantota,LK,2020-04-17 03:33:31,6.12,81.12,82.9,75,26,3.49
476,Puerto Madryn,AR,2020-04-17 03:33:31,-42.77,-65.04,75.31,35,100,12.84
477,Adwa,ET,2020-04-17 03:33:31,14.16,38.9,60.96,33,0,1.72
478,Chimoio,MZ,2020-04-17 03:33:32,-19.12,33.48,69.8,100,75,1.77
479,Kununurra,AU,2020-04-17 03:33:32,-15.77,128.73,95.0,41,57,4.7
480,Verkhnevilyuysk,RU,2020-04-17 03:33:32,63.45,120.32,15.6,82,4,9.51
481,Sao Francisco,BR,2020-04-17 03:33:32,-15.95,-44.86,69.71,81,46,2.42
482,Abu Dhabi,AE,2020-04-17 03:32:36,24.47,54.37,75.99,83,20,4.7
483,Brae,GB,2020-04-17 03:33:33,60.4,-1.35,37.4,86,0,4.7
484,Bagotville,AU,2020-04-17 03:33:33,-28.98,153.42,91.4,35,27,11.41
485,Praia,CV,2020-04-17 03:33:33,14.92,-23.51,69.67,80,80,12.84
486,Boyolangu,ID,2020-04-17 03:33:33,-8.12,111.89,85.66,68,13,4.12
487,Richards Bay,ZA,2020-04-17 03:33:34,-28.78,32.04,66.88,85,5,5.3
488,Kula,TR,2020-04-17 03:33:34,38.55,28.65,42.49,55,0,3.33
489,Sitangkai,PH,2020-04-17 03:33:34,4.66,119.39,84.22,70,65,5.66
490,Maldonado,UY,2020-04-17 03:30:26,-34.67,-54.92,60.8,93,20,3.36
491,Seabra,BR,2020-04-17 03:31:33,-12.42,-41.77,71.6,94,10,4.7
492,Hervey Bay,AU,2020-04-17 03:33:35,-25.3,152.85,86.0,51,0,11.41
493,Biak,ID,2020-04-17 03:32:50,-0.91,122.88,84.07,68,22,2.57
494,Gat,IL,2020-04-17 03:32:47,31.61,34.76,60.8,82,40,3.36
495,Jalu,LY,2020-04-17 03:33:35,29.03,21.55,61.77,51,1,8.05
496,Broome,US,2020-04-17 03:33:36,42.25,-75.83,30.2,50,40,6.93
497,Kieta,PG,2020-04-17 03:32:09,-6.22,155.63,76.96,88,100,2.48
498,Kawalu,ID,2020-04-17 03:33:36,-7.38,108.21,88.84,50,11,1.99
499,Madawaska,US,2020-04-17 03:33:37,47.36,-68.33,28.4,50,1,5.82
500,Davila,PH,2020-04-17 03:33:22,18.47,120.58,86.0,79,75,8.05
501,Moose Factory,CA,2020-04-17 03:33:37,51.26,-80.61,19.4,67,90,6.93
502,Caconda,AO,2020-04-17 03:33:37,-13.73,15.07,58.64,58,4,2.33
503,Te Anau,NZ,2020-04-17 03:33:37,-45.42,167.72,58.59,60,15,5.75
504,Hamilton,US,2020-04-17 03:33:37,39.18,-84.53,45.0,52,40,2.91
505,Gamba,GA,2020-04-17 03:33:38,-2.65,10.0,77.92,90,100,4.76
506,Bilibino,RU,2020-04-17 03:33:38,68.05,166.44,16.12,87,100,4.59
507,Maryville,US,2020-04-17 03:33:38,35.76,-83.97,50.0,57,1,3.36
508,Aklavik,CA,2020-04-17 03:33:39,68.22,-135.01,26.6,79,90,13.87
509,Aleksandrovskoye,RU,2020-04-17 03:33:39,44.71,43.0,28.4,92,32,4.47
510,Hanna,CA,2020-04-17 03:33:39,51.63,-111.9,34.0,66,9,5.01
511,Teguldet,RU,2020-04-17 03:33:39,57.31,88.17,38.62,81,75,4.32
512,Byron Bay,AU,2020-04-17 03:33:39,-28.65,153.62,91.4,35,8,11.41
513,Rosarito,MX,2020-04-17 03:33:40,32.33,-117.03,64.4,77,20,4.7
514,San Carlos De Bariloche,AR,2020-04-17 03:33:40,-41.15,-71.31,59.0,67,75,17.22
515,Sur,OM,2020-04-17 03:33:41,22.57,59.53,79.16,71,0,6.6
516,Oistins,BB,2020-04-17 03:33:41,13.07,-59.53,78.8,74,40,16.11
517,Tual,ID,2020-04-17 03:33:42,-5.67,132.75,82.99,74,81,7.52
518,Yonibana,SL,2020-04-17 03:33:42,8.44,-12.24,77.83,83,1,2.26
519,Asau,RO,2020-04-17 03:33:21,46.43,26.4,41.0,75,88,3.36
520,Tornio,FI,2020-04-17 03:33:42,65.85,24.15,30.2,68,75,14.99
521,Orange Cove,US,2020-04-17 03:33:01,36.62,-119.31,75.2,43,100,1.03
522,Ulladulla,AU,2020-04-17 03:33:43,-35.35,150.47,75.2,27,3,19.46
523,Springbok,ZA,2020-04-17 03:33:43,-29.66,17.89,49.55,39,0,5.41
524,Rimouski,CA,2020-04-17 03:33:43,48.45,-68.52,32.0,91,5,12.75
525,Puerto Cabezas,NI,2020-04-17 03:33:44,14.04,-83.39,77.23,85,3,6.06
526,Roma,US,2020-04-17 03:29:53,43.21,-75.46,33.01,86,75,3.36
527,North Bend,US,2020-04-17 03:33:44,43.41,-124.22,66.2,67,1,8.05
528,Awjilah,LY,2020-04-17 03:33:44,29.11,21.29,61.32,52,3,7.23
529,Toktogul,KG,2020-04-17 03:33:45,41.87,72.94,53.91,29,6,1.21
530,Berea,US,2020-04-17 03:33:45,41.37,-81.85,39.99,69,75,3.36
531,Worland,US,2020-04-17 03:33:45,44.02,-107.96,33.8,79,1,9.17
532,Sobolevo,RU,2020-04-17 03:33:46,54.43,31.9,32.76,87,72,11.7
533,Freeport,US,2020-04-17 03:28:59,40.66,-73.58,42.01,51,20,23.04
534,Kalmunai,LK,2020-04-17 03:31:27,7.42,81.82,84.9,70,72,5.77
535,Sovetskiy,RU,2020-04-17 03:33:46,61.36,63.58,42.08,91,100,7.74
536,Hami,CN,2020-04-17 03:33:47,42.8,93.45,70.93,17,100,6.64
537,Cam Ranh,VN,2020-04-17 03:33:47,11.92,109.16,87.8,62,20,6.93
538,Changping,CN,2020-04-17 03:33:47,40.22,116.22,69.01,31,0,15.66
539,Belyy Yar,RU,2020-04-17 03:33:48,53.6,91.39,44.6,56,40,15.66
540,Birin,NP,2020-04-17 03:33:48,26.89,88.07,63.86,46,79,3.69
541,Fasa,IR,2020-04-17 03:33:48,28.94,53.65,46.4,93,0,4.7
542,Sitka,US,2020-04-17 03:33:04,57.05,-135.33,44.6,93,90,4.7
543,Goure,NE,2020-04-17 03:33:48,13.98,10.27,75.02,15,0,7.34
544,Nhulunbuy,AU,2020-04-17 03:33:49,-12.23,136.77,87.8,62,40,9.17
545,Ust-Kut,RU,2020-04-17 03:33:49,56.79,105.77,41.94,75,100,3.22
546,Kamenka,RU,2020-04-17 03:32:34,51.32,42.77,42.01,83,63,11.01
547,Bonavista,CA,2020-04-17 03:33:49,48.65,-53.11,28.99,68,35,15.99
548,Rafsanjan,IR,2020-04-17 03:29:05,30.41,55.99,57.0,37,0,2.06
549,Cururupu,BR,2020-04-17 03:33:50,-1.83,-44.87,77.27,86,86,2.51
550,Puerto Escondido,MX,2020-04-17 03:33:50,15.85,-97.07,79.16,74,35,3.44
551,Berlevag,NO,2020-04-17 03:33:13,70.86,29.09,37.4,85,75,19.46
552,San Patricio,MX,2020-04-17 03:32:17,19.22,-104.7,74.59,58,11,3.96
553,Gorom-Gorom,BF,2020-04-17 03:33:51,14.44,-0.24,83.62,13,2,9.84
554,Itarema,BR,2020-04-17 03:33:51,-2.92,-39.92,77.58,88,69,6.08
555,Ahipara,NZ,2020-04-17 03:33:52,-35.17,173.17,66.65,87,91,19.22
556,Saint-Pierre,RE,2020-04-17 03:32:23,-21.34,55.48,73.4,73,9,8.05
557,Aksarayskiy,RU,2020-04-17 03:33:23,46.79,48.01,44.6,63,0,15.66
558,Marsa Matruh,EG,2020-04-17 03:33:52,31.35,27.25,59.0,72,40,9.17
559,Ahmadpur East,PK,2020-04-17 03:33:52,29.14,71.26,89.78,22,79,6.51
560,Okakarara,NA,2020-04-17 03:33:53,-20.58,17.43,64.0,17,0,3.67
561,Upanema,BR,2020-04-17 03:33:53,-5.64,-37.26,76.75,86,80,3.33
562,Waslala,NI,2020-04-17 03:33:53,13.23,-85.38,71.37,71,0,2.62
563,Toccoa,US,2020-04-17 03:33:53,34.58,-83.33,53.6,66,1,3.89
564,Nagaur,IN,2020-04-17 03:33:53,27.2,73.73,90.09,19,63,8.03
565,Tongling,CN,2020-04-17 03:33:54,30.95,117.78,72.34,66,66,3.49
